{
  "project_info": {
    "project_number": "18451555817",
    "firebase_url": "https://mutabaah-amal-f81b1.firebaseio.com",
    "project_id": "mutabaah-amal-f81b1",
    "storage_bucket": "mutabaah-amal-f81b1.appspot.com"
  },
  "client": [
    {
      "client_info": {
        "mobilesdk_app_id": "1:18451555817:android:5e52b8f481b6374de91778",
        "android_client_info": {
          "package_name": "com.example.mutabaahamal"
        }
      },
      "oauth_client": [
        {
          "client_id": "18451555817-fc77lorlasu1us3m3omoq1gc4s336dej.apps.googleusercontent.com",
          "client_type": 3
        }
      ],
      "api_key": [
        {
          "current_key": "AIzaSyBMMSMOkcPLPhGTPs_8EKE_RAAdkUK2FNo"
        }
      ],
      "services": {
        "appinvite_service": {
          "other_platform_oauth_client": [
            {
              "client_id": "18451555817-fc77lorlasu1us3m3omoq1gc4s336dej.apps.googleusercontent.com",
              "client_type": 3
            }
          ]
        }
      }
    }
  ],
  "configuration_version": "1"
}